ID,JOKE
1,Why did the banana go to the doctor? He wasn't peeling well.
2,Why did the Viking buy a boat? There was a sail.
3,Why did the Viking buy a secondhand boat? He couldn't a fjord a new one.
4,Butterflies just aren't what they used to be.
5,A bossy man walks into a bar. He orders everyone a round.
6,"Alcohol won't fix your problems, but it's worth a shot."
7,"Whoever invented zero, thanks for nothing."
8,Vin Diesel starts his day with not one but two meals. Breakfast and breakfurious.
9,I burned my Hawaiian pizza. I should have used aloha temperature.
10,Buying a belt that doesn't fit is a huge waist.
11,What happens after you eat alphabet soup? You have a vowel movement.
12,Why did the computer need a rest after its road trip? He had a hard drive.
13,How do you cut an ocean in half? With a sea-saw.
14,"I tried to phone the ladder company, but it just rung and rung."
15,"Dad, can you tell me what a solar eclipse is? No sun."
16,Did you hear about the ATM that got addicted to money? It suffered from withdrawal symptoms.
17,I'm writing a theatre piece about puns. It's a play on words.
18,Why does Daniel Craig have greying hair in the latest Bond film? He has No Time to Dye.
19,"I go to the toilet for two reasons. Number 1 and Number 2. What's a forklift? Food, usually."
20,Dolphins have no sense of porpoise.
21,What do you call a short mother? A minimum.
22,Why wouldn't anyone want to buy a car made by Apple? It wouldn't have Windows.
23,I called my dogs Rolex and Timex. They're watch dogs.
24,Seven days without a pun makes one weak.
25,"Geology rocks, but Geography is where it's at."
26,My friend Jack can talk to vegetables. Jack and the beans talk.
27,How many Mexicans does it take to change a lightbulb? Just Juan.
28,Jokes about German sausage are the wurst.
29,"I tried exercise, but it didn't work out."
30,Learn sign language. It's pretty handy.
31,Never make your password ‚Äòbeef stew'. It's not stroganoff.
32,I haven't even managed to write my autobiography. That's the story of my life.
33,I need a new masseuse. The one I have rubs me up the wrong way.
34,What do you call a pile of cats? A meowntain.
35,The Lion King is full of hidden Simbalism.
36,I fired the guy I hired to mow my lawn. He just didn't cut it.
37,Becoming a vegetarian is a missed steak.
38,Who can drink 2 liters of gasoline? Jerry can.
39,Russian dolls are so full of themselves.
40,What do you call 2 birds stuck together? Velcrows.
41,A guy jumped off a Paris bridge. He was in Seine.
42,I grilled a chicken for over an hour. She still wouldn't tell me why she crossed the road.
43,"‚ÄòDad, are we pyromaniacs?' ‚ÄòYes, we arson'."
44,"If your boyfriend doesn't appreciate fresh fruit puns, let that mango."
45,I tried to find a pun about carpentry but nothing wood work.
46,What do you say to a sheep that won't go to sleep? It's pasture bedtime.
47,I have a stepladder. I never knew my real ladder.
48,"I don't make puns about maize, they're too corny."
49,The best time to go to the dentist is tooth hurty.
50,Atheism is a non-prophet religion.
51,Whoever invented the knock-knock joke deserves a no-bell prize.
52,Sweet dreams are made of cheese. Who am I to diss a brie.
53,How many of these puns work? One pun intended.
54,Why can't pacifist become insect farmers? They wouldn't herd a fly.
55,Calling a large water-dwelling mammal fat is very hippo-critical.
56,What's a feline's favorite novel? The Great Catsby
57,I've been listening to a lot of national anthems. I love country music.
58,I'll never forget the tallest guy at my school. His name was Hugh Mungus.
59,How does a computer get drunk? It takes screenshots. 
60,My aunt is pretty cold. We call her Auntarctica.
61,Bakers work hard because they knead the dough.
62,I didn't become a doctor because I don't have the patients.
63,What would happen if the universe exploded? No matter.
64,"Never believe an atom, they make up everything."
65,"A woman said she knew me from vegetarian club, but I'd never met herbivore."
66,My friend David had his ID stolen. We just call him Dav now.
67,Satan likes his pasta al Dante.
68,Bulls make terrible shopkeepers. They charge too much.
69,I bought you an elephant for your room.
70,What do gym nuts say when they can't find protein supplements? No whey!
71,A pony tried to sing for me. She was a little horse.
72,"My ceiling isn't the best, but it's up there."
73,What do apples do at the gym? A core workout.
74,A book hit me on the head. I only have my shelf to blame.
75,Buying an expensive wig is a high price toupee.
76,I'm only familiar with 25 letters of the alphabet. I don't know Y.
77,They caught me stealing a calendar. I got 12 months.
78,I sued the airline when I couldn't find my bag. I lost my case.
79,"My dog's a genius. I asked him what 100 minus 100 is, and he said nothing."
80,I find whiteboards quite re-markable.
81,"I used to race cars for a living, but I found they were much faster than me."
82,My wife asked me to stop singing Wonderwall by Oasis. I said maybe‚Ä¶
83,A dog that practices magic is a labra-cadabra-dor.
84,I met my wife on Tinder. It was awkward.
85,Pirates struggle to finish the alphabet. They get lost at C.
86,Why should we hire you as a waiter?
87,I feel I'd bring a lot to the table.
88,Putting my car in reverse really takes me back.
89,The doctor said I'm going deaf. It was hard to hear.
90,What pronouns does a bar of chocolate use? Her/she.
91,"Puns make me numb, but puns about math make me number."
92,I buy all my weapons from a T-Rex. He's a small arms dealer.
93,Whoever stole my iPad should Facetime.
94,What part of the body always loses? Defeat.
95,The opposite of a croissant is a happy uncle.
96,If Americans switched from pounds to kilograms there would be mass confusion.
97,Police go to riots early to beat the crowd.
98,Yesterday I was mugged by six dwarves. Not Happy.
99,I don't have a dad bod; I have a father figure.
100,Dyslexic zombies only eat Brians.
101,Before the crowbar was invented crows drank at home.
102,I tried catching the fog the other day. Mist.
103,Someone threw a can of soda at me. Luckily it was a soft drink.
104,I bought a new blindfold but I can't see myself wearing it.
105,An explosive monkey is called a baboom.
106,Jokes about feet are corny but jokes about eyes are cornea.
107,What title do spiders put on their resume? Web developer.
108,I'm getting fat. It's because I've had a lot on my plate recently.
109,February can't March. But April May.
110,What did one plate whisper to the other plate? Dinner is on me.
111, What's 90 degrees but covered with ice? The North and South Poles. 
112,What happened when the blue ship and the red ship collided at sea? Their crews were marooned.
113,What are the strongest days of the week? Saturday and Sunday. All the others are weekdays.
114,What's the difference between the bird flu and the swine flu? One requires tweetment and the other an oinkment.
115,Why did the golfer bring two pairs of pants? In case he got a hole in one. 
116,How do you stop a bull from charging? Cancel its credit card.
117,How do you follow Will Smith in the Mud? Follow the fresh prints.
118,What do you call a line of men waiting to get haircuts? A barberqueue.
119,"Why do seagulls fly over the sea? If they flew over the bay, they would be bagels."
120,"Am I the only man my wife has ever dated? Unfortunately yes, she said the others were all nines or tens! "
121,I'm thinking I should do lunges to stay in shape. That would be a big step forward. 
122,What's the difference between a man's wallet before and after kids? There are pictures where the money used to be.  
123,What did the baby corn say to the mama corn? Where's popcorn?
124,"I wish my gray hair started in Las Vegas because what happens in Vegas, stays in Vegas. "
125,"What vegetable is cool, but not "
126,"My kid is blaming me for ruining their birthday. That's ridiculous, I didn't even know it was today!"
127,I haven't spoken to my wife in four years. I thought it would be rude to interrupt her!
128,My kid gave me a 'World's Best Dad' mug. At least she inherited my sense of humor. 
129,"When a toddler reaches the ""why?"" stage, it's like opening a bottle of champagne it's uncorked, there's no going back. "
130,What do you call two monkeys who share an Amazon Prime account? Prime mates.
131,"You can't spell par entry without ""try."""
132,How do you measure the mass of an influencer's following? By Instagrams!
133,How do you teach kids about taxes? Eat 38% of their ice cream. 
134,Two sheep walk into a‚Äîbaaaa.
135,What do you call a beehive without an exit? Un-bee-lievable.
136,"What did the seal with one fin say to the shark? If seal is broken, do not consume."
137,I wish my kids weren't offended by my 
138, jokes. They really need to let it go!
139, Why did the football coach go to the bank? To get his quarter back.
140,Why can't a leopard hide? He's always spotted.
141,"Air used to be free at the gas station, now it costs 2.50. You want to know why? Inflation."
142,I tried to get a smart car the other day but they sold out too fast. Why? I guess I'm just a bit slow.
143,I told my wife that a husband is like a fine wine: we just get better with age. The next day she locked me in the cellar. 
144,"Why does a husband lead a dog's life? He comes in with muddy feet, gets comfortable by the fire, and waits to be fed."
145,Did you hear about the claustrophobic astronaut? He just wanted a bit more space.
146,What does the stork do once he's delivered the baby?  He lies on the couch and drinks a beer! 
147,"How many telemarketers does it take to change a light bulb? Only one, but he has to do it during dinner. "
148,Why did the orange lose the race? It ran out of juice.
149,How you fix a broken pumpkin? With a pumpkin patch.
150,Why are fish so smart? They live in schools!
151,"What's the best thing about Switzerland? I don't know, but the flag is a big plus."
152,Why did the man fall down the well? Because he couldn't see that well!
153,Why do peppers make such good archers? Because they habanero.
154,What did the sink tell the toilet? You look flushed!
155,Where do boats go when they're sick? To the dock.
156,What has ears but cannot hear? A cornfield!
157,Stop looking for the perfect match; use a lighter.
158,"Can February March? No, but April May!"
159,Why was 6 afraid of 7? Because 7 
160,I'm so good at sleeping that I do it with my eyes closed.
161,"Try the seafood diet‚Äîyou see food, then you eat it."
162,What do you call a pencil with two erasers? Pointless.
163,"Did you hear the one about the roof? Never mind, it's over your head."
164,Person 1: Do you know how to use Outlook? Person 2: I Excel at it. Person 1: Was that a Microsoft Office pun? Person 2: Word.
165,I hated facial hair but then it grew on me.
166,It really takes guts to be an organ donor.
167,"Did you hear the rumor about butter? Well, I'm not going to go spreading it!"
168,What did the plumber say to the singer? Nice pipes.
169,"I was going to tell a time-traveling joke, but you didn't like it."
170,How do you deal with a fear of speed bumps? You slowly get over it.
171,I ordered a chicken and an egg online. I'll let you know.
172,I'm reading an anti-gravity book. I can't put it down!
173,I'd avoid the sushi if I were you. It's a little fishy!
174,What state is known for its small drinks? Minnesota.
175,What's Forrest Gump's password? 1forrest1
176,What do houses wear? An address.
177,What did the two pieces of bread say on their wedding day? It was loaf at first sight. 
178,What kind of shoes does a lazy person wear? Loafers.
179,"What did the ocean say to the beach? Nothing, it just waved."
180,What happens when a snowman throws a tantrum? He has a meltdown.
181,"How many telemarketers does it take to change a light bulb? Only one, but he has to do it while you are eating dinner."
182,How many narcissists does it take to screw in a light bulb? One. The narcissist holds the light bulb while the rest of the world revolves around him.
183,"How many DIY buffs does it take to change a light bulb? One, but it takes two weeks and four trips to the hardware store."
184,How many paranoids does it take to change a light bulb? Who wants to know?
185,"I read that by law you must turn on your headlights when it's raining in Sweden, but how am I supposed to know when it's raining in Sweden?"
186,I was addicted to the hokey pokey‚Ä¶but I turned myself around.
187,I don't trust stairs. They are always up to something.
188,"Today, my son asked, Can I have a bookmark? I burst into tears‚Äî11 years old and he still doesn't know my name is Brian."
189,"When I was a kid, my dad got fired from his job as a road worker for theft. I refused to believe it, but when I got home, the signs were all there."
190,Why didn't Han Solo enjoy his steak dinner? It was Chewie.
191,Why don't pirates take a bath before they walk the plank? They just wash up on shore.
192,Why do you never see elephants hiding in trees? Because they're so good at it.
193,"Did you hear about the racing snail who got rid of his shell? He thought it would make him faster, but it just made him sluggish."
194,"A turtle is mugged by two snails. To the police, the shaken turtle replies, I don't know. It all happened so fast."
195,Did you hear about the guy who froze to death at the drive-in? He went to see 
196,We all know about Murphy's Law: Anything that can go wrong will go wrong. But have you heard of Cole's Law? It's thinly sliced cabbage.
197,When does a joke become a dad joke? When it becomes apparent.
198,I had a happy childhood. My dad used to put me in tires and roll me down hills. Those were Goodyears.
199,What invention allows us to see through walls? Windows.
200,"I know a bunch of good jokes about umbrellas, but they usually go over people's heads."
201,The bank keeps calling me to give me compliments. They say I have an outstanding balance.
202,What is the most popular fish in the ocean? A starfish.
203,Barbers‚Ä¶you have to take your hat off to them.
204,"What did one plate say to another plate? Tonight, dinner's on me."
205,Did you hear about the surgeon who enjoyed performing quick surgeries on insects? He did one on the fly.
206,What's a vampire's favorite ship? A blood vessel.
207,"There's only one thing I can't deal with, and that's a deck of cards glued together."
208,"The past, the present, and the future walked into a bar. It was tense."
209,"I love dad jokes, but I don't have kids, which makes me a Faux Pa."
210,Your mom and I let astrology get between us. It just Taurus apart. 
211,I don't trust stairs. They're always up to something.
212,"RIP, boiling water. You will be mist."
213,"A guy walked into a bar, and lost the limbo contest."
214,Two guys walked into a bar. The third guy ducked. 
215,Two peanuts went walking down the street. One was assaulted.
216,I'm so good at sleeping that I can do it with my eyes closed!
217,"I had a dream that I weighed less than a thousandth of a gram. I was like, 0mg."
218,Mom said I should do lunges to stay in shape. That would be a big step forward.
219,Time flies like an arrow. Fruit flies like a banana.
220,"Every time I take my dog to the park, the ducks try to bite him. That's what I get for buying a pure bread dog."
221,"6:30 is my favorite time of day, hands down."
222,"Mom is mad at me because she asked me to sync her phone, so I threw it in the ocean."
223,"I wanted to eat a watch for lunch, but it was too time-consuming."
224,"My dog is a genius. I asked him, ""What's two minus two?"" He said nothing."
225,"I used to run a dating service for chickens, but I was struggling to make hens meet."
226,I ordered a chicken and an egg online. I'll let you know what comes first. 
227,I'm friends with almost all the letters of the alphabet. I just don't know Y.
228,"Mom texted me from the grocery store to say they're out of pasta, and we're penneless."
229,"Justice is a dish best served cold. If it were served warm, it would be justwater."
230,"I used to hate facial hair, but then it grew on me."
231,Most people can't tell the difference between entomology and etymology. I can't find the words for how much this bugs me.
232,Mom asked me to put ketchup on the grocery list. Now I can't see anything.
233,A magician was walking down the street ‚Äî then he turned into a store.
234,"We're renovating the house, and the first floor is going great, but the second floor is another story."
235,"I'm reading an anti-gravity book, and I just can't put it down!"
236,"It's raining cats and dogs, so be careful not to step in a poodle."
237,"At first, I thought my chiropractor wasn't any good, but now I stand corrected."
238,My toddler is refusing to nap. He's guilty of resisting a rest.
239,I'd avoid the sushi if I were you ‚Äî it's a little fishy! 
240,"I used to be able to play piano by ear, but now I have to use my hands."
241,I failed my calculus exam because I was sitting in the middle of identical twins ‚Äî I couldn't differentiate between them. 
242,I decided to sell the vacuum cleaner ‚Äî it was just gathering dust!
243,My boss asked me why I only get sick on work days. I said it must be my weekend immune system. 
244,"My boss told me to have a good day, so I went home! "
245,"Every night, I have hard time remembering something, but then it dawns on me."
246,"The wedding was so beautiful, even the cake was in tiers."
247,"I can tolerate algebra, maybe even a little calculus but geometry is where I draw the line."
248,I was wondering why the baseball kept getting bigger and bigger. Then it hit me.
249,Have you heard about the new corduroy pillows ‚Äî they're making headlines!
250,"Mom says I have no sense of direction, so I packed my bags and right."
251,"I was going to go on an expensive vacation with a classical pianist, but he was too baroque."
252,My therapist told me I have problems expressing my emotions. Can't say I'm surprised.
253,"If money doesn't grow on trees, then why do banks have branches? "
254,"I was once a personal trainer, until I gave a too-weak notice."
255,I just paid $100 for a belt that doesn't fit ‚Äî what a huge waist! 
256,I finally watched that documentary on clocks. It was about time.
257,"Can anyone tell me what oblivious means, because I have no idea. "
258,I want to name my puppies Rolex and Timex so I can have watch dogs.
259,"I love telling Dad jokes. Sometimes, he even laughs."
260,What's the best kind of music to listen to when fishing? Something catchy.
261,How did the pirate get his ship for so cheap? It was on sail.
262,"Today my son asked me, ‚ÄòCan I have a bookmark'? I burst into tears ‚Äî he's 12 years old and still doesn't know my name!"
263,Why do dads take an extra pair of socks when they play golf? In case they get a hole in one.
264,Why don't seagulls fly over the bay? Because then they'd be 
265,"What comes once in a minute, twice in a moment but never in a thousand years? The letter M."
266,What's the best kind of bird to work for a construction company? A crane.
267,What did the T-Rex use to cut wood? A dino-saw.
268,I got fired from my job as a taxi driver. It turns out nobody thought I was fare.
269,What do you call a snake that loves building houses? A boa constructor.
270,Where do fish keep their money? In a river bank.
271,"Why did the man put his money in the freezer? He wanted cold, hard cash."
272,When does it rain money? When there is a change in the weather.
273,Why don't scientists trust atoms? Because they make up everything.
274,What do a tick and the Eiffel Tower have in common? They're both Paris sites.
275,Why did the man get fired from the banana factory? He kept throwing away the bent ones.
276,Whoever stole my depression medication ‚Äî I hope you're happy now.
277,Why can't a leopard hide? Because he's always spotted.
278,What do you call two monkeys who share an Amazon account? Prime mates.
279,What do you call a penguin in the White House? Lost.
280,What do you call a kangaroo's lazy joey? A pouch potato.
281,What did the llama say to his date? Want to go on a 
282,Did you hear that I'm reading a book about anti-gravity? It's impossible to put down.
283,"Which is faster, hot or cold? Hot, because you can catch a cold."
284,Which bear is the most condescending? A pan-duh.
285,"What kind of noise does a witch's vehicle make? Brrrroooom, brrroooom."
286,What's brown and sticky? A stick.
287,Singing in the shower is fun until you get soap in your mouth. Then it's a soap opera.
288,I only know 25 letters of the alphabet. I don't know y.
289,How does the moon cut his hair? Eclipse it.
290,What do you call a factory that makes OK products? A satisfactory.
291,What did the janitor say when he jumped out the closet? Supplies!
292,What did the buffalo say to his son when he dropped him off at school? Bison!
293,"I can tolerate algebra, maybe even a little calculus, but geometry is where I draw the line."
294,Why do bees have sticky hair? Because they use a honeycomb.
295,What kind of music do chiropractors like? Hip pop.
296,What has five toes and isn't your foot? My foot.
297,What did the cannibal choose as his last meal? Five Guys.
298,"Me: Go to bed, the cows are already asleep in the field. Son: So what? Me: It's pasture bedtime."
299,What do you call a Frenchman in sandals? Philippe Philoppe.
300,"I bought the world's worst thesaurus yesterday. Not only is it terrible, it's terrible."
301,Why did the scarecrow get an award? Because he was out standing in his field.
302,What do you get if you cross an angry sheep with a moody cow? An animal that's in a baaaaad mooood.
303,Can a kangaroo jump higher than the Empire State Building? Of course! Buildings can't jump.
304,What did the sink tell the toilet? You look flushed.
305,What happens when a snowman throws a tantrum? He has a meltdown.
306,"I saw a 1,000-year-old oil stain; it was from ancient Greece."
307,"My extra winter weight is finally gone. Now, I have spring rolls."
308,When does a joke become a dad joke? When it becomes apparent.
309,"Name the thing that has a head, foot, and four legs. A bed"
310,What are two octopuses that look the same called? Itenticle
311,Never write with a broken pencil because it is pointless.
312,What is the way to weigh millennials? Instagram.
313,The wedding arrangements were amazing. The cake was also in tiers.
314,Which state in the USA is known for small soft drinks? Minnesota.
315,Name the patriotic sport? Flag football.
316,I am so amazing at sleeping that I can do it with closed eyes.
317,Why is it that the bicycle could not stand up by itself? Because it is two-tired.
318,"When a child denies taking a nap, will he be held guilty of resisting rest?"
319,"I know lots of jokes about retired people, but apparently, none of them work."
320, tell such bad jokes? Because they want you to groan up.
321,"I wish corona started in Las Vegas as what happens in Vegas, stays in Vegas."
322,Spiders are so smart that they can look for anything on the web.
323,The stadium got hot after the game as the fans had left.
324,"To make hens meet, I was running a dating service for the chickens."
325,"Within no time, the detectives found out the murder weapon. It was a briefcase."
326,Why do dads carry an extra pair of socks while playing golf? Because in case they get a hole in one.
327,Working at the sole-recycling shop was sole destroying.
328,I will find the one who stole my copy of Microsoft Office. You have my Word.
329,My boss asked to have a good day. So I went home.
330,"I had plans to go on an all-almond, but they are just nuts."
331,"If you have seen a robbery taking place at an Apple Store, you will be an iWitness."
332,"When I fell in love while doing a backflip, I was heels over head."
333,My girlfriend asked me to stop acting like a flamingo. I had to put down my foot.
334,Timex and Rolex are the names of my watch dogs.
335,Seven out of six people agree that they are pathetic at fractions.
336,Have you heard about the Italian chef who just died? He pasta way.
337,Difference between denominator and numerator is a short line.
338,I was complimented for my parking. Someone left a note saying ‚Äòparking fine.'
339,I was charged nine dollars extra at a hotel for the air conditioner. It was seriously uncool.
340,It is wrong when people say that age is just a number. It is a word.
341,"I asked my date to see me at the gym, but she did not arrive. It looks like the two of us are not going to work out."
342,My doctor just told me that I am slowly going deaf. It was hard for me to hear that.
343,"If an English tutor convicted of a crime does not complete the sentence, is it called a fragment?"
344,While playing chess with my 
345,Why are iPhone chargers not called Apple Juice?!
346,What is the favorite food of the scholars? Academia nuts.
347,When does a joke transform into a dad joke? It is when it finally becomes apparent.
348,"I got attacked with a Diet Coke can in the head, but it did not hurt as it was a soft drink."
349,Raisin had to go out with the prune because he could not find a prune.
350,Rotation of the earth makes my day.
351, told me that they wish to invent a pencil with erasers on both sides. I don't see the point.
352,Why do pumpkins always sit on the porch? As they don't have hands to knock.
353,"When you don't pay your exorcist, you get repossessed."
354,My friend wishes to become an archaeologist. I am worried his life will be in ruins.
355,Which word ends with ‚Äònions' and starts with ‚ÄòO' and can make you cry sometimes? Opinion.
356,"My friend birthed her baby in her car, and so her "
357,What do you call someone with no nose and nobody? Nobody knows.
358,"If you wish to share a short text with your dad, share these fantastic short jokes that are high on humor."
359,Sore throats are big pain in the neck.
360,I never get a haircut. I got them cut all.
361,What do we call an unpredictable camera? A loose Canon.
362,Name the thing a house wears. Address.
363,How to steal a coat? You jacket.
364,What made the scarecrow win the award? It was out standing in the field.
365,Crabs are not into charity as they are shellfish.
366,Who lays deviled eggs? Evil chicken.
367,Why are cows seen wearing bells? Because the horns don't work.
368,What is a fish with no eye called? A fsh.
369,I am all set to spread the rumor about butter.
370,A lazy kangaroo is called a pouch potato.
371,The right way to watch fly-fishing tournaments is a live stream.
372,What is a fibbing cat called? A lion.
373,Sushi is a little fishy.
374,"I will call you later. No, call me dad."
375,Wonkey is a donkey with three legs.
376,I do not play soccer. I play it for kicks.
377,A sad cup of coffee is called depresso.
378,What will you call a guy with rubber toes? Roberto.
379,"I dropped my pillow on the floor, and it seems to have a concushion."
380,"Saturday and Sunday are the strongest days, as others are weekdays."
381,Math books are always so sad because they have many problems.
382,Trees look suspicious on sunny days as they seem shady.
383,I don't appreciate morning funerals as I am not a mourning person.
384,I am collecting all the vintage albums by the Beatles. I need HELP.
385,"When a hen counts her eggs, she is called a mathemachicken."
386,Impasta is a fake noodle.
387,"The ATM got addicted to money, and it then suffered from withdrawals."
388,What rhyme with stinks and boos? You.
389,A hippie's wife is called Mississippi.
390,"While looking for a lighter on Amazon, I could find 401 matches."
391,Name the least spoken language in the world. It is sign language.
392,Why was Taylor Swift not attacked by the vampire? Because she had bad blood.
393,Why do bees have such sticky hair? They use honeycomb.
394,How to make holy water? Boil the hell out of it.
395,People say that they pick their noses. I am born with mine.
396,Diddly squats are the exercises for lazy people.
397,Why do some couples visit the gym? They want their relationship to work out.
398,Never trust stairs as they are always up to something.
399,I had to sell my vacuum cleaner as it was just busy gathering dust.
400,Terminator will be called Exterminator post-retirement.
401,What is the sound made by a witch's car? It is broom-broom!
402,Nurses are fond of red crayons as they sometimes use them to draw blood.
403,"I was supposed to get six Sprite cans, but I had picked 7 Up."
404,Which ocean is the most detailed-oriented? The Pacific Ocean.
405,We bring to you the best one-liner dad jokes that can be sent as messages to your dad to gift him a surprise laugh.
406,Never iron the four-leaf clover as you cannot press your luck.
407,I ordered an egg and chicken from Amazon. Just to check which one comes first.
408,"When my wife called me immature, I asked her to leave my fort."
409,"I have spent a lot of money and time childproofing my house, but they always get in."
410,Mount Rushmore is one rock group with four men who don't sing.
411,The restaurant on the moon offers good food but without atmosphere.
412,Do you know what is there in a bathroom in France? Everything is European.
413,The difference between a well-dressed man on a bicycle and a poorly dressed man on a tricycle is ATTIRE.
414,"A new dating service is going to start in Prague, and it's called Czech-Mate."
415,An old man fell in the well as he could not see that well.
416,"Last night a cheese factory in France exploded, and there is Da brie everywhere."
417,An invisible man turned down the job offer as he could not see himself doing it.
418,"Wish to hear a joke on construction? Well, I am still working on it."
419,"Mark stole my dictionary. I just told him in anger, ‚ÄòMark, my words!'"
420,"Moses doesn't make his coffee, Hebrews it."
421,How to tell if it is a dogwood tree? Just by the bark.
422,Name the state with maximum streets. Rhode Island.
423,Name the polite European water body. Merci.
424,What are 26 letters that have gone for a swim called? Alphawetical.
425,What's the reason that green color is notoriously single? Because it is jaded.
426,The reason why celebrities are cool is that they have many fans.
427,"I never liked facial hair, but it grew on me."
428,"Sundays are kind of sad, but the day before is a much sadder day."
429,Dogs cannot operate the MRI machines but did you know catscan.
430,What were the utensils doing stuck together? Spooning.
431,"When you are singing while bathing and soap gets into your mouth, it becomes soap opera."
432,How many apples grow on trees? All of them.
433,The chiropractors like only one kind of music ‚Äì hiphop.
434,The favorite hobby of a crafty dancer is cutting a rug.
435,Loafers are the shoes loved by lazy people.
436,The reason behind the insecurity of cold water is that it is never called hot.
437,Three relational databases walk into a NoSql bar. They left after 5 mins...They could not find a table!
438,What is the shoe made of banana called? A slipper.
439,"Name the tallest building in the whole world. Library, as it has maximum stories."
440,Dogs float in water as they are good buoys.
441,What is a beehive without exit called? Unbelievable.
442,How does a penguin build the house? Igloos it together.
443,Why is it that skeletons never go treating or tricking? As they have nobody to go with.
444,Why was the cell phone wearing glasses? It lost its contacts. 
445,This graveyard is overcrowded. Looks like people are dying to get in there.
446,Can February march? No.
447,Name that thing that is orange but sounds like a parrot. Carrot.
448,Peter Pan is always flying because he Neverlands.
449,Why do vampires always look sick? They are coffins.
450,The favorite types of shoes of ninja are sneakers.
451,The coach was found shouting at the vending machine because he wanted his quarter back.
452,You need to have guts to donate organs.
453,Name the car sheep that likes driving. Lamborghini.
454,What did two bread slices say to each other on their wedding? Loaf at first sight!
455,"I thought of telling a time-travel joke, but you people didn't like it."
456,"There is no point in looking for a perfect match, instead, use a lighter."
457,An accountant said that auditing the document is taxing.
458,Name the two twin daughters of a drummer. Anna One and Anna Two
459,Why is the roof of the mouth not called ceiling? Space bar
460,"When I told my doctor, I could hear a buzzing sound. I was told that there was a bug moving around."
461,What is a toothless bear called? A gummy bear.
462,"I lost my bank job on the first day. One person asked me to check his balance, and I pushed him."
463,What is common between the Eiffel Tower and a tick? They both are Paris sites.
464,What do you call a waffle you dropped on the beach?San Diego
465,My biggest fear is being trapped in a small room with Santa.I have Claustrophobia.
466,What does the chromosome like to wear? Genes.
467,"Tesla founder Elon Musk is originally from South Africa, which is strange. You'd think he was from Mad-at-gas-car."
468,"What do database engineers, carpenters, and FIFA have in common? They all fix tables."
469,I saw a great movie about databases today. I can't wait for the SQL…
470,Why did the database administrator leave his wife? She had one-to-many relationships.
471,"How do you process a queue of table delete requests for an asynchronous database? Pop, Lock & Drop It"
472,Why are sailors terrible DBAs? They try to make all of the data float.
473,A database professional walks into a bar and joins two tables.
474,"I'm tired of following my dreams. I'm just going to ask them where they are going and meet up with them later. 	"
475,"Did you hear about the guy whose whole left side was cut off? He's all right now. 	"
476,"Why didn’t the skeleton cross the road? Because he had no guts. 	"
477,"What did one nut say as he chased another nut?  I'm a cashew! 	"
478,"Where do fish keep their money? In the riverbank 	"
479,"I accidentally took my cats meds last night. Don’t ask meow. 	"
480,"Chances are if you' ve seen one shopping center, you've seen a mall. 	"
481,"Dermatologists are always in a hurry. They spend all day making rash decisions.  	"
482,"I knew I shouldn't steal a mixer from work, but it was a whisk I was willing to take. 	"
483,"I won an argument with a weather forecaster once. His logic was cloudy... 	"
484,"How come the stadium got hot after the game? Because all of the fans left. 	"
485,"""Why do seagulls fly over the ocean?"" ""Because if they flew over the bay, we'd call them bagels."" 	"
486,"Why was it called the dark ages? Because of all the knights.  	"
487,"A steak pun is a rare medium well done. 	"
488,"Why did the tomato blush? Because it saw the salad dressing. 	"
489,"Did you hear the joke about the wandering nun? She was a roman catholic. 	"
490,"What creature is smarter than a talking parrot? A spelling bee. 	"
491,"I'll tell you what often gets over looked... garden fences. 	"
492,"Why did the kid cross the playground? To get to the other slide. 	"
493,"Why do birds fly south for the winter? Because it's too far to walk. 	"
494,"What is a centipedes's favorite Beatle song?  I want to hold your hand, hand, hand, hand... 	"
495,"My first time using an elevator was an uplifting experience. The second time let me down. 	"
496,"To be Frank, I'd have to change my name. 	"
497,"Slept like a log last night … woke up in the fireplace. 	"
498,"What do you call a female snake. misssssssss  	"
499,"Why does a Moon-rock taste better than an Earth-rock? Because it's a little meteor. 	"
500,"I’m only familiar with 25 letters in the English language. I don’t know why. 	"
501,"What do you call two barracuda fish?  A Pairacuda! 	"
502,"What did the father tomato say to the baby tomato whilst on a family walk? Ketchup. 	"
503,"Why is Peter Pan always flying? Because he Neverlands. 	"
504,"What do you do on a remote island? Try and find the TV island it belongs to. 	"
505,"Did you know that protons have mass? I didn't even know they were catholic. 	"
506,"Dad I’m hungry’ … ‘Hi hungry I’m dad 	"
507,"I was fired from the keyboard factory yesterday.  I wasn't putting in enough shifts. 	"
508,"Whoever invented the knock-knock joke should get a no bell prize. 	"
509,"Have you heard the story about the magic tractor? It drove down the road and turned into a field. 	"
510,"When will the little snake arrive? I don't know but he won't be long... 	"
511,"Why was Pavlov's beard so soft?  Because he conditioned it. 	"
512,"Do I enjoy making courthouse puns? Guilty 	"
513,"Why did the kid throw the clock out the window? He wanted to see time fly! 	"
514,"Hear about the new restaurant called Karma? There’s no menu: You get what you deserve. 	"
515,"Why couldn't the kid see the pirate movie? Because it was rated arrr! 	"
516,"It was so cold yesterday my computer froze. My own fault though, I left too many windows open. 	"
517,"Man, I really love my furniture... me and my recliner go way back. 	"
518,"What did the traffic light say to the car as it passed? ""Don't look I'm changing!"" 	"
519,"My son is studying to be a surgeon, I just hope he makes the cut. 	"
520,"Why did the man run around his bed? Because he was trying to catch up on his sleep! 	"
521,"What did one wall say to the other wall? I'll meet you at the corner! 	"
522,"Sometimes I tuck my knees into my chest and lean forward.  That’s just how I roll. 	"
523,"I once lost a banana at court but then I appealed.  	"
524,"Conjunctivitis.com – now that’s a site for sore eyes. 	"
525,"How many South Americans does it take to change a lightbulb? A Brazilian 	"
526,"I don't trust stairs. They're always up to something. 	"
527,"What do you call two guys hanging out by your window? Kurt & Rod. 	"
528,"Why was the robot angry? Because someone kept pressing his buttons! 	"
529,"Which is the fastest growing city in the world? Dublin' 	"
530,"A police officer caught two kids playing with a firework and a car battery. He charged one and let the other one off. 	"
531,"What do you call a snake who builds houses? A boa constructor! 	"
532,"What is the difference between ignorance and apathy?  I don't know and I don't care. 	"
533,"I went to a Foo Fighters Concert once... It was Everlong... 	"
534,"Why did the sentence fail the driving test? It never came to a full stop. 	"
535,"Some people eat light bulbs. They say it's a nice light snack. 	"
536,"What's the difference between a rooster and a crow? A rooster can crow but a crow cannot rooster. 	"
537,"I went to the store to pick up eight cans of sprite... when I got home I realized I'd only picked seven up 	"
538,"I cut my finger chopping cheese, but I think that I may have grater problems. 	"
539,"Yesterday, I accidentally swallowed some food coloring. The doctor says I’m okay, but I feel like I’ve dyed a little inside. 	"
540,"When people are sad, I sometimes let them colour in my tattoos. Sometimes all they need is a shoulder to crayon. 	"
541,"Last night me and my girlfriend watched three DVDs back to back. Luckily I was the one facing the TV. 	"
542,"I got a reversible jacket for Christmas, I can't wait to see how it turns out. 	"
543,"What do you get when you cross a pig and a pineapple? A porky pine 	"
544,"What did Romans use to cut pizza before the rolling cutter was invented? Lil Caesars 	"
545,"Why did the banana go to the doctor? He was not ""peeling"" well. 	"
546,"My pet mouse 'Elvis' died last night. He was caught in a trap.. 	"
547,"Never take advice from electrons. They are always negative. 	"
548,"Why are oranges the smartest fruit? Because they are made to concentrate.  	"
549,"A girl once asked me what my heart desired, apparently blood, oxygen and neural messages were all wrong answers 	"
550,"Why is it always hot in the corner of a room? Because a corner is 90 degrees. 	"
551,"What did the beaver say to the tree? It's been nice gnawing you. 	"
552,"How do you fix a damaged jack-o-lantern? You use a pumpkin patch. 	"
553,"Why do cows not have toes? They lactose! 	"
554,"What did the late tomato say to the early tomato? I’ll ketch up 	"
555,"I have kleptomania, but when it gets bad, I take something for it. 	"
556,"I used to be addicted to soap, but I'm clean now. 	"
557,"When is a door not a door? When it's ajar. 	"
558,"I made a belt out of watches once... It was a waist of time. 	"
559,"Why did Mozart kill all his chickens? Because when he asked them who the best composer was, they'd all say ""Bach bach bach!""  	"
560,"This furniture store keeps emailing me, all I wanted was one night stand! 	"
561,"How do you find Will Smith in the snow?  Look for fresh prints. 	"
562,"My sister bet me $15 that I couldn't build a car out of spaghetti. You should have seen the look on her face as I drove pasta. 	"
563,"My boss told me to have a good day... so I went home. 	"
564,"I just read a book about Stockholm syndrome. It was pretty bad at first, but by the end I liked it. 	"
565,"Why do trees seem suspicious on sunny days? Dunno, they're just a bit shady. 	"
566,"If at first you don't succeed, sky diving is not for you! 	"
567,"I'd like to start a diet, but I've got too much on my plate right now. 	"
568,"What did the drummer name her twin daughters? Anna One, Anna Two... 	"
569,"What kind of music do mummy's like? Rap 	"
570,"I remember when I was a kid, I opened my fridge and noticed one of my vegetables were crying. I guess I have some emotional cabbage. 	"
571,"What's large, grey, and doesn't matter? An irrelephant.  	"
572,"Frankenstein enters a bodybuilding competition and finds he has seriously misunderstood the objective. 	"
573,"A book just fell on my head. I only have my shelf to blame. 	"
574,"What did the dog say to the two trees? Bark bark. 	"
575,"I've got a joke about vegetables for you... but it's a bit corny. 	"
576,"If a child refuses to sleep during nap time, are they guilty of resisting a rest? 	"
577,"Why can't your nose be 12 inches long? Because then it'd be a foot! 	"
578,"Have you ever heard of a music group called Cellophane? They mostly wrap. 	"
579,"What do you call a boy who stopped digging holes? Douglas. 	"
580,"What did the mountain climber name his son? Cliff. 	"
581,"Why should you never trust a pig with a secret? Because it's bound to squeal. 	"
582,"Why are mummys scared of vacation? They're afraid to unwind. 	"
583,"Whiteboards ... are remarkable. 	"
584,"What kind of dinosaur loves to sleep? A stega-snore-us. 	"
585,"What has three letters and starts with gas? A Car. 	"
586,"What’s Forest Gump’s Facebook password? 1forest1 	"
587,"What kind of tree fits in your hand? A palm tree! 	"
588,"Whenever the cashier at the grocery store asks my dad if he would like the milk in a bag he replies, ‘No, just leave it in the carton!’ 	"
589,"I used to be addicted to the hokey pokey, but I turned myself around. 	"
590,"How many tickles does it take to tickle an octopus? Ten-tickles! 	"
591,"What musical instrument is found in the bathroom? A tuba toothpaste. 	"
592,"I can't take my dog to the pond anymore because the ducks keep attacking him. That's what I get for buying a pure bread dog. 	"
593,"My boss told me to attach two pieces of wood together... I totally nailed it! 	"
594,"What was the pumpkin’s favorite sport?  Squash. 	"
595,"Recent survey revealed 6 out of 7 dwarf's aren't happy. 	"
596,"What do you call corn that joins the army? Kernel. 	"
597,"I've been trying to come up with a dad joke about momentum . . . but I just can't seem to get it going. 	"
598,"‘Put the cat out’ … ‘I didn’t realize it was on fire 	"
599,"Why don't skeletons ride roller coasters? They don't have the stomach for it. 	"
600,"Is there a hole in your shoe? No… Then how’d you get your foot in it? 	"
601,"Every night at 11:11, I make a wish that someone will come fix my broken clock. 	"
602,"What's the difference between a guitar and a fish? You can tune a guitar but you can't ""tuna"" fish! 	"
603,"Did you hear that the police have a warrant out on a midget psychic ripping people off? It reads “Small medium at large.” 	"
604,"Why don't sharks eat clowns?  Because they taste funny. 	"
605,"Just read a few facts about frogs. They were ribbiting. 	"
606,"Two satellites decided to get married. The wedding wasn't much, but the reception was incredible. 	"
607,"What do you call a fish with no eyes? A fsh. 	"
608,"What do you get if you put a duck in a cement mixer? Quacks in the pavement. 	"
609,"They tried to make a diamond shaped like a duck. It quacked under the pressure. 	"
610,"Where’s the bin? Dad: I haven’t been anywhere! 	"
611,"My wife said I was immature. So I told her to get out of my fort. 	"
612,"Why did the knife dress up in a suit? Because it wanted to look sharp 	"
613,"How do you make a water bed more bouncy. You use Spring Water 	"
614,"I considered building the patio by myself. But I didn't have the stones. 	"
615,"In my career as a lumberjack I cut down exactly 52,487 trees. I know because I kept a log. 	"
616,"Why do bears have hairy coats? Fur protection. 	"
617,"What do you get when you cross a bee and a sheep? A bah-humbug.  	"
618,"What did one snowman say to the other snow man? Do you smell carrot? 	"
619,"""Dad, do you think it's going to snow this winter?"" ""I dont know, its all up in the air"" 	"
620,"Why do bees hum? Because they don't know the words. 	"
621,"What do you call a troublesome Canadian high schooler? A poutine. 	"
622,"A magician was driving down the street and then he turned into a driveway. 	"
623,"Don't trust atoms. They make up everything. 	"
624,"If you walk into a forest and cut down a tree, but the tree doesn't understand why you cut it down, do you think it's stumped? 	"
625,"Where do bees go to the bathroom?  The BP station. 	"
626,"What is the best way to carve? Whittle by whittle. 	"
627,"What's a ninja's favorite type of shoes? Sneakers! 	"
628,"Why did the tree go to the dentist? It needed a root canal. 	"
629,"It was raining cats and dogs the other day. I almost stepped in a poodle. 	"
630,"Why do bananas have to put on sunscreen before they go to the beach? Because they might peel! 	"
631,"What do you call a bee that lives in America? A USB. 	"
632,"I was wondering why the frisbee was getting bigger, then it hit me. 	"
633,"A farmer had 297 cows, when he rounded them up, he found he had 300 	"
634,"What's the difference between a hippo and a zippo? One is really heavy, the other is a little lighter. 	"
635,"I’ve got this disease where I can’t stop making airport puns. The doctor says it terminal. 	"
636,"Somebody stole my Microsoft Office and they're going to pay - you have my Word. 	"
637,"What concert costs only 45 cents? 50 cent featuring Nickelback. 	"
638,"I couldn't figure out how the seat belt worked. Then it just clicked. 	"
639,"What did the green grape say to the purple grape? BREATH!! 	"
640,"What do you call a dad that has fallen through the ice? A Popsicle. 	"
641,"Two parrots are sitting on a perch. One turns to the other and asks, ""do you smell fish?"" 	"
642,"Bad at golf? Join the club. 	"
643,"I had a pair of racing snails. I removed their shells to make them more aerodynamic, but they became sluggish. 	"
644,"What do you call a pile of cats?  A Meowtain. 	"
645,"How do hens stay fit? They always egg-cercise! 	"
646,"Can a kangaroo jump higher than the Empire State Building? Of course. The Empire State Building can't jump. 	"
647,"What do you give a sick lemon? Lemonaid. 	"
648,"What do you call an old snowman? Water. 	"
649,"I tried to milk a cow today, but was unsuccessful. Udder failure. 	"
650,"I just got fired from a florist, apparently I took too many leaves. 	"
651,"Why don’t skeletons ever go trick or treating? Because they have nobody to go with. 	"
652,"What does a female snake use for support? A co-Bra! 	"
653,"""Dad, I'm cold."" ""Go stand in the corner, I hear it's 90 degrees."" 	"
654,"Child: Dad, make me a sandwich. Dad: Poof! You're a sandwich. 	"
655,"which flower is most fierce? Dandelion 	"
656,"Why are graveyards so noisy? Because of all the coffin. 	"
657,"What kind of bagel can fly? A plain bagel. 	"
658,"How many apples grow on a tree? All of them! 	"
659,"What do you call a careful wolf? Aware wolf. 	"
660,"I was just looking at my ceiling. Not sure if it’s the best ceiling in the world, but it’s definitely up there. 	"
661,"Why do valley girls hang out in odd numbered groups? Because they can't even. 	"
662,"“My Dog has no nose.” “How does he smell?” “Awful” 	"
663,"What do you call a cow with no legs? Ground beef. 	"
664,"Why are snake races so exciting? They're always neck and neck. 	"
665,"Why did the half blind man fall in the well? Because he couldn't see that well! 	"
666,"As I suspected, someone has been adding soil to my garden. The plot thickens. 	"
667,"What do bees do after they are married? They go on a honeymoon. 	"
668,"If I could name myself after any Egyptian god, I'd be Set. 	"
669,"Why doesn't the Chimney-Sweep call out sick from work? Because he's used to working with a flue. 	"
670,"It’s hard to explain puns to kleptomaniacs, because they take everything literally. 	"
671,"It's difficult to say what my wife does, she sells sea shells by the sea shore. 	"
672,"Why did Dracula lie in the wrong coffin? He made a grave mistake. 	"
673,"What did one plate say to the other plate? Dinner is on me! 	"
674,"what do you call a dog that can do magic tricks? a labracadabrador 	"
675,"Doctor: Do you want to hear the good news or the bad news? Patient: Good news please. Doctor: we're naming a disease after you. 	"
676,"Atheism is a non-prophet organisation. 	"
677,"I tried to write a chemistry joke, but could never get a reaction. 	"
678,"I gave my friend 10 puns hoping that one of them would make him laugh. Sadly, no pun in ten did. 	"
679,"What do computers and air conditioners have in common? They both become useless when you open windows. 	"
680,"What do you call a monkey in a mine field? A babooooom!  	"
681,"Scientists finally did a study on forks. It's about tine! 	"
682,"I cut my finger cutting cheese. I know it may be a cheesy story but I feel grate now. 	"
683,"How do you steal a coat? You jacket. 	"
684,"Why don't you find hippopotamuses hiding in trees? They're really good at it. 	"
685,"what happens when you cross a sheep with a kangaroo ? A woolly jumper! 	"
686,"I’m reading a book on the history of glue – can’t put it down. 	"
687,"Want to hear a joke about construction? Nah, I'm still working on it. 	"
688,"My friend told me that pepper is the best seasoning for a roast, but I took it with a grain of salt. 	"
689,"Just watched a documentary about beavers… It was the best damn program I’ve ever seen. 	"
690,"Why do choirs keep buckets handy? So they can carry their tune 	"
691,"Did you hear about the kidnapping at school? It's ok, he woke up. 	"
692,"I asked my date to go to the gym the other day. They never showed up. That's when I knew we wouldn't work out. 	"
693,"You will never guess what Elsa did to the balloon. She let it go. 	"
694,"Did you hear about the two thieves who stole a calendar? They each got six months. 	"
695,"Waking up this morning was an eye-opening experience. 	"
696,"Why can't eggs have love? They will break up too soon. 	"
697,"You can't run through a camp site. You can only ran, because it's past tents. 	"
698,"They're making a movie about clocks. It's about time 	"
699,"I’ve just been reading a book about anti-gravity, it’s impossible to put down! 	"
700,"Archaeology really is a career in ruins. 	"
701,"Have you ever seen fruit preserves being made? It's jarring. 	"
702,"I was going to get a brain transplant, but I changed my mind 	"
703,"Have you heard about the owl sanctuary job opening? It’s all night shifts but they’re all a hoot over there. 	"
704,"I boiled a funny bone last night and had a laughing stock 	"
705,"Why can't you use ""Beef stew"" as a password? Because it's not stroganoff. 	"
706,"Animal Fact #25: Most bobcats are not named bob. 	"
707,"What did the piece of bread say to the knife? Butter me up. 	"
708,"Why couldn't the lifeguard save the hippie? He was too far out, man. 	"
709,"They say Dodger Stadium can hold up to fifty-six thousand people, but that is just a ballpark figure. 	"
710,"Some people say that I never got over my obsession with Phil Collins. But take a look at me now. 	"
711,"Why did the girl smear peanut butter on the road? To go with the traffic jam. 	"
712,"It takes guts to be an organ donor. 	"
713,"The rotation of earth really makes my day. 	"
714,"How much does a hipster weigh? An instagram. 	"
715,"A woman is on trial for beating her husband to death with his guitar collection. Judge says, ‘First offender?’ She says, ‘No, first a Gibson! Then a Fender!’ 	"
716,"I saw an ad in a shop window, ""Television for sale, $1, volume stuck on full"", I thought, ""I can't turn that down"". 	"
717,"What kind of dog lives in a particle accelerator? A Fermilabrador Retriever. 	"
718,"I always wanted to look into why I procrastinate, but I keep putting it off.  	"
719,"What's blue and not very heavy?  Light blue. 	"
720,"Guy told me today he did not know what cloning is. I told him, ""that makes 2 of us."" 	"
721,"I was so proud when I finished the puzzle in six months, when on the side it said three to four years. 	"
722,"Where did you learn to make ice cream? Sunday school. 	"
723,"Coffee has a tough time at my house, every morning it gets mugged. 	"
724,"A quick shoutout to all of the sidewalks out there... Thanks for keeping me off the streets. 	"
725,"Where does Napoleon keep his armies? In his sleevies. 	"
726,"What's the difference between roast beef and pea soup. Anyone can roast beef, but nobody can pee soup. 	"
727,"Leather is great for sneaking around because it's made of hide. 	"
728,"What do you get if you cross a turkey with a ghost? A poultry-geist! 	"
729,"People are making apocalypse jokes like there’s no tomorrow. 	"
730,"What is the tallest building in the world? The library – it’s got the most stories! 	"
731,"What kind of magic do cows believe in? MOODOO. 	"
732,"What’s the longest word in the dictionary? Smiles. Because there’s a mile between the two S’s. 	"
733,"Why don't eggs tell jokes? They'd crack each other up 	"
734,"I just broke my guitar. It's okay, I won't fret 	"
735,"It's only a murder of crows if there's probable caws. 	"
736,"How many kids with ADD does it take to change a lightbulb? Let's go ride bikes! 	"
737,"Where do hamburgers go to dance? The meat-ball. 	"
738,"I invented a new word! Plagiarism! 	"
739,"Did you know that ghosts call their true love their ghoul-friend? 	"
740,"What do you call a cow with two legs? Lean beef. 	"
741,"What did the big flower say to the littler flower? Hi, bud! 	"
742," I never wanted to believe that my Dad was stealing from his job as a road worker. But when I got home, all the signs were there.   	"
743,"Why do pumpkins sit on people’s porches?  They have no hands to knock on the door. 	"
744,"Who is the coolest Doctor in the hospital? The hip Doctor! 	"
745,"Why was ten scared of seven? Because seven ate nine. 	"
746,"What do you get when you cross a rabbit with a water hose? Hare spray. 	"
747,"I applied to be a doorman but didn't get the job due to lack of experience. That surprised me, I thought it was an entry level position. 	"
748,"I knew a guy who collected candy canes, they were all in mint condition 	"
749,"A boy dug three holes in the yard. When his mother saw, she exclaimed: ""well, well, well"" 	"
750,"Why do nurses carry around red crayons? Sometimes they need to draw blood. 	"
751,"Why was the shirt happy to hang around the tank top? Because it was armless 	"
752,"Why does a chicken coop only have two doors? Because if it had four doors it would be a chicken sedan. 	"
753,"""I'll call you later."" Don't call me later, call me Dad. 	"
754,"Why did the teddy bear say “no” to dessert? Because she was stuffed. 	"
755,"I don't trust sushi, there's something fishy about it. 	"
756,"New atoms frequently lose electrons when they fail to keep an ion them. 	"
757,"Did you hear the one about the giant pickle?  He was kind of a big dill. 	"
758,"Breaking news! Energizer Bunny arrested – charged with battery. 	"
759,"How many bones are in the human hand? A handful of them. 	"
760,"A red and a blue ship have just collided in the Caribbean. Apparently the survivors are marooned. 	"
761,"I've just written a song about a tortilla. Well, it is more of a rap really. 	"
762,"Can February march? No, but April may. 	"
763,"So a duck walks into a pharmacy and says “Give me some chap-stick… and put it on my bill” 	"
764,"Egyptians claimed to invent the guitar, but they were such lyres.﻿ 	"
765,"Toasters were the first form of pop-up notifications. 	"
766,"What is a witch's favorite subject in school? Spelling! 	"
767,"What do you call a crowd of chess players bragging about their wins in a hotel lobby? Chess nuts boasting in an open foyer. 	"
768,"Which side of the chicken has more feathers? The outside. 	"
769,"Remember, the best angle to approach a problem from is the ""try"" angle. 	"
770,"Why are fish easy to weigh? Because they have their own scales. 	"
771,"What did the scarf say to the hat? You go on ahead, I am going to hang around a bit longer. 	"
772,"Did you hear about the scientist who was lab partners with a pot of boiling water? He had a very esteemed colleague. 	"
773,"This morning I was wondering where the sun was, but then it dawned on me. 	"
774,"Writing with a broken pencil is pointless. 	"
775,"What did the sea say to the sand? ""We have to stop meeting like this."" 	"
776,"Why is it so windy inside an arena? All those fans. 	"
777,"I've started telling everyone about the benefits of eating dried grapes. It's all about raisin awareness. 	"
778,"“Doctor, I’ve broken my arm in several places” Doctor “Well don’t go to those places.” 	"
779,"Where was the Declaration of Independence signed?  At the bottom!  	"
780,"What’s the difference between an African elephant and an Indian elephant? About 5000 miles. 	"
781,"Two peanuts were walking down the street. One was a salted 	"
782,"Don’t interrupt someone working intently on a puzzle. Chances are, you’ll hear some crosswords. 	"
783,"Today a man knocked on my door and asked for a small donation towards the local swimming pool. I gave him a glass of water. 	"
784,"What did the Zen Buddist say to the hotdog vendor? Make me one with everything. 	"
785,"Why did the clown have neck pain? - Because he slept funny 	"
786,"What did the digital clock say to the grandfather clock? Look, no hands! 	"
787,"A weasel walks into a bar. The bartender says, ""Wow, I've never served a weasel before. What can I get for you?"" ""Pop,"" goes the weasel. 	"
788,"How was the snow globe feeling after the storm? A little shaken. 	"
789,"Did you hear the one about the guy with the broken hearing aid? Neither did he. 	"
790,"Did you hear about the campsite that got visited by Bigfoot? It got in tents. 	"
791,"I saw a documentary on TV last night about how they put ships together.  It was rivetting. 	"
792,"What did the Red light say to the Green light? Don't look at me I'm changing! 	"
793,"What did the ocean say to the beach? Thanks for all the sediment. 	"
794,"What did the left eye say to the right eye? Between us, something smells! 	"
795,"What do you call a fly without wings? A walk. 	"
796,"Why did the melons plan a big wedding? Because they cantaloupe! 	"
797,"Yesterday I confused the words ""jacuzzi"" and ""yakuza"". Now I'm in hot water with the Japanese mafia. 	"
798,"What is the least spoken language in the world? Sign Language 	"
799,"What do birds give out on Halloween? Tweets. 	"
800,"I used to think I was indecisive, but now I'm not sure. 	"
801,"Velcro… What a rip-off. 	"
802,"Have you heard the rumor going around about butter? Never mind, I shouldn't spread it. 	"
803,"Every morning when I go out, I get hit by bicycle. Every morning!  It's a vicious cycle. 	"
804,"What happens to a frog's car when it breaks down? It gets toad. 	"
805,"I fear for the calendar, its days are numbered.  	"
806,"I'm glad I know sign language, it's pretty handy. 	"
807,"The other day, my wife asked me to pass her lipstick but I accidentally passed her a glue stick. She still isn't talking to me. 	"
808,"What do you get when you cross a chicken with a skunk? A fowl smell! 	"
809,"Where do you take someone who’s been injured in a peek-a-boo accident? To the I.C.U. 	"
810,"As I get older, I think of all the people I lost along the way. Maybe a career as a tour guide wasn't such a good idea. 	"
811,"How many hipsters does it take to change a lightbulb? Oh, it's a really obscure number. You've probably never heard of it. 	"
812,"Where do sheep go to get their hair cut? The baa-baa shop. 	"
813,"Our wedding was so beautiful, even the cake was in tiers. 	"
814,"Why did the miner get fired from his job? He took it for granite... 	"
815,"What did the hat say to the scarf? You can hang around. I'll just go on ahead.  	"
816,"Where do cats write notes? Scratch Paper! 	"
817,"Why is the new Kindle screen textured to look like paper? So you feel write at home. 	"
818,"When my wife told me to stop impersonating a flamingo, I had to put my foot down. 	"
819,"No matter how kind you are, German children are kinder. 	"
820,"What’s the advantage of living in Switzerland? Well, the flag is a big plus. 	"
821,"When I left school, I passed every one of my exams with the exception of Greek Mythology. It always was my achilles elbow 	"
822,"Why did the cookie cry? It was feeling crumby. 	"
823,"What did Yoda say when he saw himself in 4K? ""HDMI"" 	"
824,"How do you make a 'one' disappear? You add a 'g' and it's 'gone' 	"
825,"Me and my mates are in a band called Duvet. We're a cover band. 	"
826,"Where do you learn to make banana splits? At sundae school. 	"
827,"Nurse: Doctor, there's a patient that says he's invisible. Doctor: Well, tell him I can't see him right now! 	"
828,"What was a more important invention than the first telephone? The second one. 	"
829,"What do you get when you cross a snowman with a vampire? Frostbite. 	"
830,"What do you do when your bunny gets wet? You get your hare dryer. 	"
831,"Did you know crocodiles could grow up to 15 feet? But most just have 4. 	"
832,"There are two types of people in this world, those who can extrapolate from incomplete data... 	"
833,"Why did the fireman wear red, white, and blue suspenders? To hold his pants up. 	"
834,"In the news a courtroom artist was arrested today, I'm not surprised, he always seemed sketchy. 	"
835,"I wanted to be a tailor but I didn't suit the job 	"
836,"What do you call someone with no nose? Nobody knows. 	"
837,"What do you call a girl between two posts? Annette. 	"
838,"What do you call a criminal going down the stairs? Condescending 	"
839,"What do you call a fat psychic? A four-chin teller. 	"
840,"I used to be a banker, but I lost interest. 	"
841,"Why can't a bicycle stand on its own? It's two-tired. 	"
842,"What does a pirate pay for his corn? A buccaneer! 	"
843,"Astronomers got tired watching the moon go around the earth for 24 hours. They decided to call it a day. 	"
844,"My dog used to chase people on a bike a lot. It got so bad I had to take his bike away. 	"
845,"I ate a clock yesterday. It was so time consuming. 	"
846,"Two dyslexics walk into a bra. 	"
847,"I been watching a channel on TV that is strictly just about origami — of course it is paper-view. 	"
848,"Milk is also the fastest liquid on earth – its pasteurized before you even see it 	"
849,"Is the pool safe for diving? It deep ends. 	"
850,"Why do scuba divers fall backwards into the water? Because if they fell forwards they’d still be in the boat. 	"
851,"My wife told me to rub the herbs on the meat for better flavor. That's sage advice. 	"
852,"Ben & Jerry's really need to improve their operation. The only way to get there is down a rocky road. 	"
853,"How are false teeth like stars? They come out at night! 	"
854,"What time did the man go to the dentist? Tooth hurt-y. 	"
855,"I went to the zoo yesterday and saw a baguette in a cage. It was bread in captivity. 	"
856,"Did you hear about the cheese factory that exploded in France? There was nothing left but de Brie. 	"
857,"How does a penguin build it’s house? Igloos it together. 	"
858,"What is this movie about? It is about 2 hours long. 	"
859,"Why are pirates called pirates? Because they arrr! 	"
860,"Where does Fonzie like to go for lunch? Chick-Fil-Eyyyyyyyy. 	"
861,"How does a dyslexic poet write? Inverse. 	"
862,"Don't tell secrets in corn fields. Too many ears around. 	"
863,"What did the pirate say on his 80th birthday? Aye Matey! 	"
864,"Why did the A go to the bathroom and come out as an E? Because he had a vowel movement. 	"
865,"Yesterday a clown held a door open for me. I thought it was a nice jester. 	"
866,"Why did the opera singer go sailing? They wanted to hit the high Cs. 	"
867,"Bought a new jacket suit the other day and it burst into flames. Well, it was a blazer 	"
868,"Whats a penguins favorite relative? Aunt Arctica. 	"
869,"Never Trust Someone With Graph Paper...  They're always plotting something. 	"
870,"What do you call an elephant that doesn’t matter? An irrelephant. 	"
871,"What do you call a group of disorganized cats? A cat-tastrophe. 	"
872,"What is bread's favorite number?  Leaven. 	"
873,"Why can’t you hear a pterodactyl go to the bathroom? The p is silent. 	"
874,"How do you know if there’s an elephant under your bed? Your head hits the ceiling! 	"
875,"How do you teach a kid to climb stairs? There is a step by step guide. 	"
876,"Where do owls go to buy their baby clothes? The owlet malls. 	"
877,"Why does Norway have barcodes on their battleships? So when they get back to port, they can Scandinavian. 	"
878,"What's the worst part about being a cross-eyed teacher?  They can't control their pupils. 	"
879,"What do you call a fashionable lawn statue with an excellent sense of rhythmn? A metro-gnome 	"
880,"Someone broke into my house last night and stole my limbo trophy. How low can you go? 	"
881,"Why did the coffee file a police report? It got mugged. 	"
882,"Mountains aren't just funny, they are hill areas 	"
883,"I was going to learn how to juggle, but I didn't have the balls. 	"
884,"The Swiss must've been pretty confident in their chances of victory if they included a corkscrew in their army knife. 	"
885,"Why was the strawberry sad? Its parents were in a jam. 	"
886,"I wear a stethoscope so that in a medical emergency I can teach people a valuable lesson about assumptions. 	"
887,"Why are ghosts bad liars? Because you can see right through them! 	"
888,"Every machine in the coin factory broke down all of a sudden without explanation. It just doesn’t make any cents. 	"
889,"Why does it take longer to get from 1st to 2nd base, than it does to get from 2nd to 3rd base? Because there’s a Shortstop in between! 	"
890,"What do you do when you see a space man? Park your car, man. 	"
891,"If you want a job in the moisturizer industry, the best advice I can give is to apply daily. 	"
892,"Where do you take someone who has been injured in a Peek-a-boo accident? To the I.C.U. 	"
893,"When you have a bladder infection, urine trouble. 	"
894,"How do you make Lady Gaga cry? Poker face.  	"
895,"What do you call a group of killer whales playing instruments? An Orca-stra. 	"
896,"I was in an 80's band called the prevention. We were better than the cure. 	"
897,"What did Michael Jackson name his denim store?    Billy Jeans! 	"
898,"People saying 'boo! to their friends has risen by 85% in the last year.... That's a frightening statistic. 	"
899,"Geology rocks, but Geography is where it's at! 	"
900,"Why does Han Solo like gum? It's chewy! 	"
901,"I was at the library and asked if they have any books on ""paranoia"", the librarian replied, ""yes, they are right behind you"" 	"
902,"Have you heard of the band 1023MB? They haven't got a gig yet. 	"
903,"The urge to sing the Lion King song is just a whim away. 	"
904,"What happens when you anger a brain surgeon? They will give you a piece of your mind. 	"
905,"I needed a password eight characters long so I picked Snow White and the Seven Dwarfs. 	"
906,"I used to work at a stationery store.  But, I didn't feel like I was going anywhere.  So, I got a job at a travel agency.  Now, I know I'll be going places. 	"
907,"I used to work in a shoe recycling shop. It was sole destroying. 	"
908,"I used to hate facial hair, but then it grew on me. 	"
909,"R.I.P. boiled water. You will be mist. 	"
910,"Q: What did the spaghetti say to the other spaghetti? A: Pasta la vista, baby! 	"
911,"The first time I got a universal remote control I thought to myself, ""This changes everything"" 	"
912,"Why is the ocean always blue? Because the shore never waves back. 	"
913,"Why did the feline fail the lie detector test? Because he be lion. 	"
914,"Why did the man put his money in the freezer? He wanted cold hard cash! 	"
915,"I decided to sell my Hoover… well it was just collecting dust. 	"
916,"Why do ducks make great detectives? They always quack the case. 	"
917,"What does a clock do when it's hungry? It goes back four seconds! 	"
918,"What do I look like? A JOKE MACHINE!? 	"
919,"I bought shoes from a drug dealer once. I don't know what he laced them with, but I was tripping all day. 	"
920,"What is a tornado's favorite game to play? Twister! 	"
921,"You know that cemetery up the road? People are dying to get in there. 	"
922,"Pie is $2.50 in Jamaica and $3.00 in The Bahamas. These are the pie-rates of the Caribbean. 	"
923,"What do you call a fish wearing a bowtie? Sofishticated. 	"
924,"Did you hear about the Mexican train killer? He had loco motives 	"
925,"Can I watch the TV? Dad: Yes, but don’t turn it on. 	"
926,"What is worse then finding a worm in your Apple? Finding half a worm in your Apple. 	"
927,"What do vegetarian zombies eat? Grrrrrainnnnnssss. 	"
928,"""I'm sorry."" ""Hi sorry, I'm dad"" 	"
929,"What is the hardest part about sky diving? The ground. 	"
930,"Why did the cowboy have a weiner dog? Somebody told him to get a long little doggy. 	"
931,"My friend keeps telling me ""Cheer up. You aren't stuck in a deep hole in the ground, filled with water."" I know he means well. 	"
932,"Who did the wizard marry? His ghoul-friend 	"
933,"How many seconds are in a year? 12. January 2nd, February 2nd, March 2nd, April 2nd.... etc 	"
934,"I ordered a chicken and an egg from Amazon. I'll let you know. 	"
935,"Ever wondered why bees hum? It's because they don't know the words. 	"
936,"How many optometrists does it take to change a light bulb? 1 or 2? 1... or 2? 	"
937,"There's not really any training for garbagemen. They just pick things up as they go. 	"
938,"Did you hear about the cow who jumped over the barbed wire fence? It was udder destruction. 	"
939,"I was shocked when I was diagnosed as colorblind... It came out of the purple. 	"
940,"Where does astronauts hangout after work? At the spacebar. 	"
941,"What do you call a bear with no teeth? A gummy bear! 	"
942,"I’ve deleted the phone numbers of all the Germans I know from my mobile phone. Now it’s Hans free. 	"
943,"What do you call your friend who stands in a hole? Phil. 	"
944,"A doll was recently found dead in a rice paddy. It's the only known instance of a nick nack paddy wack. 	"
945,"How do you tell the difference between a crocodile and an alligator? You will see one later and one in a while. 	"
946,"What do you call a fake noodle? An impasta. 	"
947,"The word queue is ironic. It's just q with a bunch of silent letters waiting in line. 	"
948,"What do you call a droid that takes the long way around? R2 detour. 	"
949,"What's the best thing about elevator jokes? They work on so many levels. 	"
950,"Where do rabbits go after they get married? On a bunny-moon. 	"
951,"Why do cows wear bells? Because their horns don't work. 	"
952,"Two fish are in a tank, one turns to the other and says, ""how do you drive this thing?"" 	"
953,"This is my step ladder. I never knew my real ladder. 	"
954,"I was thinking about moving to Moscow but there is no point Russian into things. 	"
955,"A man walks into a bar and orders helicopter flavor chips. The barman replies “sorry mate we only do plain” 	"
956,"It's been months since I bought the book ""how to scam people online"". It still hasn't turned up. 	"
957,"Why is it a bad idea to iron your four-leaf clover? Cause you shouldn't press your luck. 	"
958,"I got an A on my origami assignment when I turned my paper into my teacher 	"
959,"What did the fish say when it swam into a wall? Damn! 	"
960,"I accidentally drank a bottle of invisible ink. Now I’m in hospital, waiting to be seen. 	"
961,"Why does Waldo only wear stripes? Because he doesn't want to be spotted. 	"
962,"My New Years resolution is to stop leaving things so late. 	"
963,"Why did the scarecrow win an award? Because he was outstanding in his field. 	"
964,"Americans can't switch from pounds to kilograms overnight. That would cause mass confusion. 	"
965,"An apple a day keeps the bullies away. If you throw it hard enough. 	"
966,"Why does Superman get invited to dinners? Because he is a Supperhero. 	"
967,"Why is no one friends with Dracula? Because he's a pain in the neck. 	"
968,"A man got hit in the head with a can of Coke, but he was alright because it was a soft drink. 	"
969,"What is the leading cause of dry skin? Towels 	"
970,"A man walked in to a bar with some asphalt on his arm. He said “Two beers please, one for me and one for the road.” 	"
971,"Did you know the first French fries weren't actually cooked in France? They were cooked in Greece. 	"
972,"I’ll tell you something about German sausages, they’re the wurst 	"
973,"Where did Captain Hook get his hook? From a second hand store. 	"
974,"I got fired from a florist, apparently I took too many leaves. 	"
975,"Two silk worms had a race. They ended up in a tie. 	"
976,"I got fired from the transmission factor, turns out I didn't put on enough shifts... 	"
977,"Where do young cows eat lunch? In the calf-ateria. 	"
978,"I went to the doctor today and he told me I had type A blood but it was a type O. 	"
979,"How does a French skeleton say hello? Bone-jour. 	"
980,"Why was the big cat disqualified from the race? Because it was a cheetah. 	"
981,"What do prisoners use to call each other? Cell phones. 	"
982,"What’s E.T. short for? He’s only got little legs. 	"
983,"We all know where the Big Apple is but does anyone know where the Minneapolis? 	"
984,"What kind of award did the dentist receive? A little plaque. 	"
985,"Got a new suit recently made entirely of living plants. I wasn’t sure at first, but it’s grown on me 	"
986,"Do you know where you can get chicken broth in bulk? The stock market. 	"
987,"What's orange and sounds like a parrot? A Carrot. 	"
988,"A Sandwich walks into a bar, the bartender says “Sorry, we don’t serve food here” 	"
989,"What do you get hanging from Apple trees? Sore arms. 	"
990,"I thought about going on an all-almond diet. But that's just nuts. 	"
991,"I don’t play soccer because I enjoy the sport. I’m just doing it for kicks. 	"
992,"People are shocked to discover I have a police record but I love their greatest hits! 	"
993,"Today a girl said she recognized me from vegetarian club, but I’m sure I’ve never met herbivore. 	"
994,"How do you organize a space party? You planet. 	"
995,"How do you make holy water? You boil the hell out of it. 	"
996,"A man is washing the car with his son. The son asks...... ""Dad, can’t you just use a sponge?"" 	"
997,"They laughed when I said I wanted to be a comedian – they’re not laughing now. 	"
998,"What does an angry pepper do? It gets jalapeño face. 	"
999,"Don't buy flowers at a monastery. Because only you can prevent florist friars. 	"
1000,"Hostess: Do you have a preference of where you sit? Dad: Down. 	"
1001,"Did you hear about the submarine industry? It really took a dive... 	"
1002,"The biggest knight at King Arthur's round table was Sir Cumference. He acquired his size from eating too much pi. 	"
1003,"To the person who stole my anti-depressant pills: I hope you're happy now. 	"
1004,"How do you get a baby alien to sleep?  You rocket. 	"
1005,"Why do pirates not know the alphabet? They always get stuck at ""C"". 	"
1006,"I saw my husband trip and fall while carrying a laundry basket full of ironed clothes. I watched it all unfold. 	"
1007,"Did you hear about the chameleon who couldn't change color? They had a reptile dysfunction. 	"
1008,"Why did the house go to the doctor? It was having window panes. 	"
1009,"I made a playlist for hiking. It has music from Peanuts, The Cranberries, and Eminem. I call it my Trail Mix. 	"
1010,"What do you call a dictionary on drugs? High definition. 	"
1011,"A Skeleton walked into a bar he said I need a beer and a mop 	"
1012,"How do robots eat guacamole? With computer chips. 	"
1013,"Today, my son asked ""Can I have a book mark?"" and I burst into tears. 11 years old and he still doesn't know my name is Brian. 	"
1014,"When does a joke become a dad joke? When it becomes apparent. 	"
1015,"What’s brown and sounds like a bell? Dung! 	"
1016,"What has a bed that you can’t sleep in? A river. 	"
1017,"Why do crabs never give to charity? Because they’re shellfish. 	"
1018,"What do you call a pig with three eyes? Piiig 	"
1019,"How do you make a hankie dance? Put a little boogie in it. 	"
1020,"Sgt.: Commissar! Commissar! The troops are revolting! Commissar: Well, you’re pretty repulsive yourself. 	"
1021,"The other day I was listening to a song about superglue, it’s been stuck in my head ever since. 	"
1022,"What don't watermelons get married? Because they cantaloupe. 	"
1023,"If you’re struggling to think of what to get someone for Christmas. Get them a fridge and watch their face light up when they open it. 	"
1024,"The great thing about stationery shops is they're always in the same place... 	"
1025,"Did you hear about the cheese who saved the world? It was Legend-dairy! 	"
1026,"What do you call cheese by itself? Provolone. 	"
1027,"How do you fix a broken pizza? With tomato paste. 	"
1028,"What's red and bad for your teeth? A Brick. 	"
1029,"I heard there was a new store called Moderation. They have everything there 	"
1030,"A beekeeper was indicted after he confessed to years of stealing at work. They charged him with emBEEzlement 	"
1031,"I used to work for a soft drink can crusher. It was soda pressing. 	"
1032,"Why did the chicken get a penalty? For fowl play. 	"
1033,"When Dad drops a pea off of his plate ‘oh dear I’ve pee’d on the table! 	"
1034,"My cat was just sick on the carpet, I don’t think it’s feline well. 	"
1035,"Why did the burglar hang his mugshot on the wall? To prove that he was framed! 	"
1036,"I dreamed about drowning in an ocean made out of orange soda last night. It took me a while to work out it was just a Fanta sea. 	"
1037,"I had a dream that I was a muffler last night. I woke up exhausted! 	"
1038,"A dad washes his car with his son. But after a while, the son says, ""why can't you just use a sponge?"" 	"
1039,"Doctor you've got you help me, I'm addicted to twitter. Doctor: I don't follow you. 	"
1040,"My boss told me to have a good day. So I went home... 	"
1041,"Why do we tell actors to “break a leg?” Because every play has a cast. 	"
1042,"I broke my finger at work today, on the other hand I'm completely fine. 	"
1043,"I went to a book store and asked the saleswoman where the Self Help section was, she said if she told me it would defeat the purpose. 	"
1044,"How does a scientist freshen their breath? With experi-mints! 	"
1045,"What has ears but cannot hear? A field of corn. 	"
1046,"People who don't eat gluten are really going against the grain. 	"
1047,"Sore throats are a pain in the neck! 	"
1048,"How did Darth Vader know what Luke was getting for Christmas? He felt his presents. 	"
1049,"What's the difference between a seal and a sea lion? An ion!  	"
1050,"I think circles are pointless. 	"
1051,"What did the Dorito farmer say to the other Dorito farmer? Cool Ranch! 	"
1052,"A ghost walks into a bar and asks for a glass of vodka but the bar tender says, “sorry we don’t serve spirits” 	"
1053,"You know what they say about cliffhangers... 	"
1054,"Why do wizards clean their teeth three times a day? To prevent bat breath! 	"
1055,"Someone asked me, what's the ninth letter of the alphabet? It was a complete guess, but I was right. 	"
1056,"Feeling pretty proud of myself. The Sesame Street puzzle I bought said 3-5 years, but I finished it in 18 months. 	"
1057,"A termite walks into a bar and asks “Is the bar tender here?” 	"
1058,"Why are fish so smart? Because they live in schools! 	"
1059,"How does the moon cut his hair? Eclipse it. 	"
1060,"Why did the worker get fired from the orange juice factory? Lack of concentration. 	"
1061,"I couldn't get a reservation at the library. They were completely booked. 	"
1062,"Dad, can you put my shoes on? I don't think they'll fit me. 	"
1063,"How do you get two whales in a car? Start in England and drive West. 	"
1064,"What do you call an Argentinian with a rubber toe? Roberto 	"
1065,"I tried taking some high resolution photos of local farmland, but they all turned out a bit grainy. 	"
1066,"What did the ocean say to the shore? Nothing, it just waved. 	"
1067,"I went to the zoo the other day, there was only one dog in it. It was a shitzu. 	"
1068,"Someone asked me to name two structures that hold water. I said ""Well dam"" 	"
1069,"I gave all my dead batteries away today, free of charge. 	"
1070,"Did you hear the news? FedEx and UPS are merging. They’re going to go by the name Fed-Up from now on. 	"
1071,"Why didn't the number 4 get into the nightclub? Because he is 2 square. 	"
1072,"What do you call a sheep with no legs? A cloud. 	"
1073,"Why did the m&m go to school? Because it wanted to be a Smartie! 	"
1074,"Did you hear that David lost his ID in prague? Now we just have to call him Dav. 	"
1075,"My wife is on a tropical fruit diet, the house is full of stuff. It is enough to make a mango crazy. 	"
1076,"Why are basketball players messy eaters? Because they are always dribbling. 	"
1077,"Why do mathematicians hate the U.S.? Because it's indivisible. 	"
1078,"I knew i shouldn’t have ate that seafood. Because now i’m feeling a little… Eel 	"
1079,"Past, present, and future walked into a bar.... It was tense. 	"
1080,"Did you hear about the bread factory burning down? They say the business is toast. 	"
1081,"My boss told me that he was going to fire the person with the worst posture. I have a hunch, it might be me. 	"
1082,"What's black and white and read all over? The newspaper. 	"
1083,"Why are skeletons so calm? Because nothing gets under their skin. 	"
1084,"Without geometry life is pointless. 	"
1085,"“Hold on, I have something in my shoe”  “I’m pretty sure it’s a foot” 	"
1086,"Have you heard about the film ""Constipation"", you probably haven't because it's not out yet. 	"
1087,"Did you know Albert Einstein was a real person? All this time, I thought he was just a theoretical physicist! 	"
1088,"I hate perforated lines, they're tearable. 	"
1089,"I asked the surgeon if I could administer my own anesthetic, they said: go ahead, knock yourself out. 	"
1090,"Why did the barber win the race? He took a short cut. 	"
1091,"Why did the octopus beat the shark in a fight? Because it was well armed. 	"
1092,"What did the doctor say to the gingerbread man who broke his leg? Try icing it. 	"
1093,"What did the judge say to the dentist? Do you swear to pull the tooth, the whole tooth and nothing but the tooth? 	"
1094,"""What time is it?"" I don't know... it keeps changing. 	"
1095,"You can't trust a ladder. It will always let you down 	"
1096,"I am so good at sleeping I can do it with my eyes closed! 	"
1097,"I wouldn't buy anything with velcro. It's a total rip-off. 	"
1098,"What are the strongest days of the week? Saturday and Sunday...the rest are weekdays. 	"
1099,"My friend said to me: ""What rhymes with orange"" I said: ""no it doesn't"" 	"
1100,"I had a rough day, and then somebody went and ripped the front and back pages from my dictionary. It just goes from bad to worse. 	"
1101,"I adopted my dog from a blacksmith. As soon as we got home he made a bolt for the door. 	"
1102,"Where does batman go to the bathroom? The batroom. 	"
1103,"A bartender broke up with her boyfriend, but he kept asking her for another shot. 	"
1104,"What do you call a cow on a trampoline? A milk shake! 	"
1105,"What do you call a nervous javelin thrower? Shakespeare. 	"
1106,"What do you call an eagle who can play the piano? Talonted! 	"
1107,"What do you call a boomerang that won't come back? A stick. 	"
1108,"What do you call a duck that gets all A's? A wise quacker. 	"
1109,"I used to work for an origami company but they folded. 	"
1110,"There’s a new type of broom out, it’s sweeping the nation. 	"
1111,"I just wrote a book on reverse psychology. Do not read it! 	"
1112,"The shovel was a ground-breaking invention. 	"
1113,"Why don’t seagulls fly over the bay? Because then they’d be bay-gulls! 	"
1114,"Parallel lines have so much in common. It’s a shame they’ll never meet. 	"
1115,"The best time on a clock is 6:30--hands down. 	"
1116,"What do you call a magician who has lost their magic? Ian. 	"
1117,"Why do fish live in salt water? Because pepper makes them sneeze! 	"
1118,"When do doctors get angry? When they run out of patients. 	"
1119,"A man tried to sell me a coffin today. I told him that's the last thing I need. 	"
1120,"It doesn't matter how much you push the envelope. It will still be stationary. 	"
1121,"What did the shy pebble wish for? That she was a little boulder. 	"
1122,"Why did the belt go to prison? He held up a pair of pants! 	"
1123,"Wife told me to take the spider out instead of killing it... We had some drinks, cool guy, wants to be a web developer. 	"
1124,"What cheese can never be yours? Nacho cheese. 	"
1125,"What is a vampire's favorite fruit? A blood orange. 	"
1126,"A cannibal is someone who is fed up with people. 	"
1127,"Why did the cookie cry? Because his mother was a wafer so long 	"
1128,"Want to hear my pizza joke? Never mind, it's too cheesy. 	"
1129,"What did the grape do when he got stepped on? He let out a little wine. 	"
1130,"What did the 0 say to the 8? Nice belt. 	"
1131,"Why was the picture sent to prison? It was framed. 	"
1132,"Two peanuts were walking down the street. One was a salted. 	"
1133,"I burned 2000 calories today, I left my food in the oven for too long. 	"
1134,"Cosmetic surgery used to be such a taboo subject. Now you can talk about Botox and nobody raises an eyebrow. 	"
1135,"How can you tell a vampire has a cold? They start coffin. 	"
1136,"At the boxing match, the dad got into the popcorn line and the line for hot dogs, but he wanted to stay out of the punchline. 	"
1137,"""Hey, dad, did you get a haircut?"" ""No, I got them all cut."" 	"
1138,"Why is there always a gate around cemeteries? Because people are always dying to get in. 	"
1139,"I asked a frenchman if he played video games. He said ""Wii"" 	"
1140,"My dentist is the best, he even has a little plaque! 	"
1141,"So, I heard this pun about cows, but it’s kinda offensive so I won’t say it. I don’t want there to be any beef between us.  	"
1142,"What do Alexander the Great and Winnie the Pooh have in common? Same middle name. 	"
1143,"What kind of music do planets listen to? Nep-tunes. 	"
1144,"Shout out to my grandma, that's the only way she can hear. 	"
1145,"Why was the broom late for the meeting? He overswept. 	"
1146,"I went on a date last night with a girl from the zoo. It was great. She’s a keeper. 	"
1147,"Why do you never see elephants hiding in trees? Because they're so good at it. 	"
1148,"What do you call an alligator in a vest? An in-vest-igator! 	"
1149,"What did celery say when he broke up with his girlfriend? She wasn't right for me, so I really don't carrot all. 	"
1150,"Thanks for explaining the word ""many"" to me. It means a lot. 	"
1151,"What's brown and sticky? A stick. 	"
1152,"What biscuit does a short person like? Shortbread.  	"
1153,"The invention of the wheel was what got things rolling 	"
1154,"Why was Santa's little helper feeling depressed? Because he has low elf esteem.  	"
1155,"Why did Sweden start painting barcodes on the sides of their battleships? So they could Scandinavian. 	"
1156,"Want to hear a chimney joke? Got stacks of em! First one's on the house 	"
1157,"What do you call a pig that knows karate? A pork chop! 	"
1158,"If two vegans are having an argument, is it still considered beef? 	"
1159,"My sea sickness comes in waves. 	"
1160,"For Valentine's day, I decided to get my wife some beads for an abacus.  It's the little things that count. 	"
1161,"What's the worst thing about ancient history class? The teachers tend to Babylon. 	"
1162,"My new thesaurus is terrible. In fact, it's so bad, I'd say it's terrible. 	"
1163,"What type of music do balloons hate? Pop music! 	"
1164,"Do you want a brief explanation of what an acorn is? In a nutshell, it's an oak tree. 	"
1165,"How come a man driving a train got struck by lightning? He was a good conductor. 	"
1166,"Camping is intense. 	"
1167,"Dad died because he couldn't remember his blood type. I will never forget his last words. Be positive. 	"
1168,"I’m on a whiskey diet. I’ve lost three days already. 	"
1169,"How does Darth Vader like his toast? On the dark side. 	"
1170,"Why didn’t the orange win the race? It ran out of juice. 	"
1171,"Did you hear about the runner who was criticized? He just took it in stride 	"
1172,"What animal is always at a game of cricket? A bat. 	"
1173,"Why did the Clydesdale give the pony a glass of water?  Because he was a little horse! 	"
1174,"I started a new business making yachts in my attic this year...the sails are going through the roof 	"
1175,"If you think swimming with dolphins is expensive, you should try swimming with sharks--it cost me an arm and a leg! 	"
1176,"What did the Buffalo say to his little boy when he dropped him off at school? Bison. 	"
1177,"I used to have a job at a calendar factory but I got the sack because I took a couple of days off. 	"
1178,"I am terrified of elevators. I’m going to start taking steps to avoid them. 	"
1179,"Why do bees have sticky hair? Because they use honey combs! 	"
1180,"Did you know you should always take an extra pair of pants golfing? Just in case you get a hole in one. 	"
1181,"I wish I could clean mirrors for a living. It's just something I can see myself doing. 	"
1182,"How do the trees get on the internet? They log on. 	"
1183,"To the guy who invented zero... thanks for nothing. 	"
1184,"What lies at the bottom of the ocean and twitches? A nervous wreck. 	"
1185,"What is red and smells like blue paint? Red paint! 	"
1186,"*Reversing the car* ""Ah, this takes me back"" 	"
1187,"Doctor you've got to help me, I'm addicted to Twitter. Doctor: I don't follow you. 	"
1188,"How do locomotives know where they're going? Lots of training 	"
1189,"How did the hipster burn the roof of his mouth? He ate the pizza before it was cool. 	"
1190,"A butcher accidentally backed into his meat grinder and got a little behind in his work that day. 	"
1191,"Did you hear about the new restaurant on the moon? The food is great, but there’s just no atmosphere. 	"
1192,"What do you call a beehive without the b's? An eehive. 	"
1193,"What kind of pants do ghosts wear? Boo jeans. 	"
1194,"Two guys walked into a bar, the third one ducked. 	"
1195,"I really want to buy one of those supermarket checkout dividers, but the cashier keeps putting it back. 	"
1196,"A horse walks into a bar. The bar tender says ""Hey."" The horse says ""Sure."" 	"
1197,"Did you hear about the guy who invented Lifesavers? They say he made a mint. 	"
1198,"What's the difference between a poorly dressed man on a tricycle and a well dressed man on a bicycle? Attire. 	"
1199,"Why are giraffes so slow to apologize? Because it takes them a long time to swallow their pride. 	"
1200,"""Dad, I'm hungry."" Hello, Hungry. I'm Dad. 	"
1201,"I'm practicing for a bug-eating contest and I've got butterflies in my stomach. 	"
1202,"I have the heart of a lion... and a lifetime ban from the San Diego Zoo. 	"
1203,"What do you call a guy lying on your doorstep? Matt. 	"
1204,"I met this girl on a dating site and, I don't know, we just clicked. 	"
1205,"What did the calculator say to the student? You can count on me. 	"
1206,"What do you call a gorilla wearing headphones? Anything you'd like, it can't hear you. 	"
1207,"Have you heard about corduroy pillows?  They're making headlines! 	"